restaurant_name,restaurant_url,type,image_url,latitude,longitude
Cafe America,https://www.ordercafeamerica.com/,logo,"https://menufyproduction.imgix.net/637819151655266844+728069.png?auto=compress,format&h=1080&w=1920&fit=max",33.7151003,-117.8076501
India Kitchen,https://www.IndiaKitchenca.com/order/,logo,"https://menufyproduction.imgix.net/638627122083899698+1551035.png?auto=compress,format&h=1080&w=1920&fit=max",33.7325259,-117.8169669
CENTRO,https://www.OrderCentro.com/,logo,"https://menufyproduction.imgix.net/638096626329449426+1033628.png?auto=compress,format&h=1080&w=1920&fit=max",33.7419795,-117.8231586
CENTRO,https://www.OrderCentro.com/,item_image,"https://menufyproduction.imgix.net/636913845122790484+96186.png?auto=compress,format&h=300&w=300&fit=max",33.7419795,-117.8231586
CENTRO,https://www.OrderCentro.com/,item_image,"https://menufyproduction.imgix.net/636918270101845007+96875.png?auto=compress,format&h=300&w=300&fit=max",33.7419795,-117.8231586
CENTRO,https://www.OrderCentro.com/,item_image,"https://menufyproduction.imgix.net/636918269439216850+96874.png?auto=compress,format&h=300&w=300&fit=max",33.7419795,-117.8231586
CENTRO,https://www.OrderCentro.com/,item_image,"https://menufyproduction.imgix.net/636911169684288328+95925.png?auto=compress,format&h=300&w=300&fit=max",33.7419795,-117.8231586
CENTRO,https://www.OrderCentro.com/,item_image,"https://menufyproduction.imgix.net/636913845826907173+96190.png?auto=compress,format&h=300&w=300&fit=max",33.7419795,-117.8231586
CENTRO,https://www.OrderCentro.com/,item_image,"https://menufyproduction.imgix.net/636918260987208785+96859.png?auto=compress,format&h=300&w=300&fit=max",33.7419795,-117.8231586
CENTRO,https://www.OrderCentro.com/,item_image,"https://menufyproduction.imgix.net/636918261060603791+96860.png?auto=compress,format&h=300&w=300&fit=max",33.7419795,-117.8231586
CENTRO,https://www.OrderCentro.com/,item_image,"https://menufyproduction.imgix.net/636918259625381970+96858.png?auto=compress,format&h=300&w=300&fit=max",33.7419795,-117.8231586
CENTRO,https://www.OrderCentro.com/,item_image,"https://menufyproduction.imgix.net/636918259553909710+96857.png?auto=compress,format&h=300&w=300&fit=max",33.7419795,-117.8231586
CENTRO,https://www.OrderCentro.com/,item_image,"https://menufyproduction.imgix.net/636918262268517806+96863.png?auto=compress,format&h=300&w=300&fit=max",33.7419795,-117.8231586
CENTRO,https://www.OrderCentro.com/,item_image,"https://menufyproduction.imgix.net/636918262579046625+96867.png?auto=compress,format&h=300&w=300&fit=max",33.7419795,-117.8231586
CENTRO,https://www.OrderCentro.com/,item_image,"https://menufyproduction.imgix.net/636918262651618124+96868.png?auto=compress,format&h=300&w=300&fit=max",33.7419795,-117.8231586
CENTRO,https://www.OrderCentro.com/,item_image,"https://menufyproduction.imgix.net/636913843868244490+96179.png?auto=compress,format&h=300&w=300&fit=max",33.7419795,-117.8231586
CENTRO,https://www.OrderCentro.com/,item_image,"https://menufyproduction.imgix.net/636915952531900868+96392.png?auto=compress,format&h=300&w=300&fit=max",33.7419795,-117.8231586
CENTRO,https://www.OrderCentro.com/,item_image,"https://menufyproduction.imgix.net/636913844914711681+96185.png?auto=compress,format&h=300&w=300&fit=max",33.7419795,-117.8231586
CENTRO,https://www.OrderCentro.com/,item_image,"https://menufyproduction.imgix.net/636913844263028823+96180.png?auto=compress,format&h=300&w=300&fit=max",33.7419795,-117.8231586
CENTRO,https://www.OrderCentro.com/,item_image,"https://menufyproduction.imgix.net/636913844371825875+96181.png?auto=compress,format&h=300&w=300&fit=max",33.7419795,-117.8231586
CENTRO,https://www.OrderCentro.com/,item_image,"https://menufyproduction.imgix.net/636913844577620202+96182.png?auto=compress,format&h=300&w=300&fit=max",33.7419795,-117.8231586
CENTRO,https://www.OrderCentro.com/,item_image,"https://menufyproduction.imgix.net/636915955147842431+96394.png?auto=compress,format&h=300&w=300&fit=max",33.7419795,-117.8231586
CENTRO,https://www.OrderCentro.com/,item_image,"https://menufyproduction.imgix.net/636913844831477524+96184.png?auto=compress,format&h=300&w=300&fit=max",33.7419795,-117.8231586
CENTRO,https://www.OrderCentro.com/,item_image,"https://menufyproduction.imgix.net/636914154467729707+96211.png?auto=compress,format&h=300&w=300&fit=max",33.7419795,-117.8231586
CENTRO,https://www.OrderCentro.com/,item_image,"https://menufyproduction.imgix.net/636914150511938347+96209.png?auto=compress,format&h=300&w=300&fit=max",33.7419795,-117.8231586
CENTRO,https://www.OrderCentro.com/,item_image,"https://menufyproduction.imgix.net/636914156335219465+96212.png?auto=compress,format&h=300&w=300&fit=max",33.7419795,-117.8231586
CENTRO,https://www.OrderCentro.com/,item_image,"https://menufyproduction.imgix.net/636914160372347435+96215.png?auto=compress,format&h=300&w=300&fit=max",33.7419795,-117.8231586
CENTRO,https://www.OrderCentro.com/,item_image,"https://menufyproduction.imgix.net/636914161362974122+96216.png?auto=compress,format&h=300&w=300&fit=max",33.7419795,-117.8231586
CENTRO,https://www.OrderCentro.com/,item_image,"https://menufyproduction.imgix.net/636918268724626537+96873.png?auto=compress,format&h=300&w=300&fit=max",33.7419795,-117.8231586
CENTRO,https://www.OrderCentro.com/,item_image,"https://menufyproduction.imgix.net/636915942871562796+96377.png?auto=compress,format&h=300&w=300&fit=max",33.7419795,-117.8231586
CENTRO,https://www.OrderCentro.com/,item_image,"https://menufyproduction.imgix.net/636915943745406466+96378.png?auto=compress,format&h=300&w=300&fit=max",33.7419795,-117.8231586
CENTRO,https://www.OrderCentro.com/,item_image,"https://menufyproduction.imgix.net/636915944388055745+96379.png?auto=compress,format&h=300&w=300&fit=max",33.7419795,-117.8231586
CENTRO,https://www.OrderCentro.com/,item_image,"https://menufyproduction.imgix.net/636918267054140139+96870.png?auto=compress,format&h=300&w=300&fit=max",33.7419795,-117.8231586
CENTRO,https://www.OrderCentro.com/,item_image,"https://menufyproduction.imgix.net/636915950115783886+96385.png?auto=compress,format&h=300&w=300&fit=max",33.7419795,-117.8231586
CENTRO,https://www.OrderCentro.com/,item_image,"https://menufyproduction.imgix.net/636918267300350743+96871.png?auto=compress,format&h=300&w=300&fit=max",33.7419795,-117.8231586
CENTRO,https://www.OrderCentro.com/,item_image,"https://menufyproduction.imgix.net/636915949553329189+96381.png?auto=compress,format&h=300&w=300&fit=max",33.7419795,-117.8231586
CENTRO,https://www.OrderCentro.com/,item_image,"https://menufyproduction.imgix.net/636915950364889566+96387.png?auto=compress,format&h=300&w=300&fit=max",33.7419795,-117.8231586
CENTRO,https://www.OrderCentro.com/,item_image,"https://menufyproduction.imgix.net/636915950495629052+96388.png?auto=compress,format&h=300&w=300&fit=max",33.7419795,-117.8231586
CENTRO,https://www.OrderCentro.com/,item_image,"https://menufyproduction.imgix.net/636915950566034632+96389.png?auto=compress,format&h=300&w=300&fit=max",33.7419795,-117.8231586
CENTRO,https://www.OrderCentro.com/,item_image,"https://menufyproduction.imgix.net/636915950704929356+96390.png?auto=compress,format&h=300&w=300&fit=max",33.7419795,-117.8231586
CENTRO,https://www.OrderCentro.com/,item_image,"https://menufyproduction.imgix.net/636915949844140938+96383.png?auto=compress,format&h=300&w=300&fit=max",33.7419795,-117.8231586
CENTRO,https://www.OrderCentro.com/,item_image,"https://menufyproduction.imgix.net/636915949961186749+96384.png?auto=compress,format&h=300&w=300&fit=max",33.7419795,-117.8231586
CENTRO,https://www.OrderCentro.com/,item_image,"https://menufyproduction.imgix.net/636918267965915004+96872.png?auto=compress,format&h=300&w=300&fit=max",33.7419795,-117.8231586
CENTRO,https://www.OrderCentro.com/,item_image,"https://menufyproduction.imgix.net/636915949773389228+96382.png?auto=compress,format&h=300&w=300&fit=max",33.7419795,-117.8231586
CENTRO,https://www.OrderCentro.com/,item_image,"https://menufyproduction.imgix.net/636947713415860543+102296.png?auto=compress,format&h=300&w=300&fit=max",33.7419795,-117.8231586
CENTRO STORICO,https://www.OrderCentroStorico.com/,logo,"https://menufyproduction.imgix.net/637314200723116573+247055.png?auto=compress,format&h=1080&w=1920&fit=max",33.74181,-117.8234444
CENTRO STORICO,https://www.OrderCentroStorico.com/,item_image,"https://menufyproduction.imgix.net/637930104171377850+856029.png?auto=compress,format&h=300&w=300&fit=max",33.74181,-117.8234444
CENTRO STORICO,https://www.OrderCentroStorico.com/,item_image,"https://menufyproduction.imgix.net/637415858351306585+322035.png?auto=compress,format&h=300&w=300&fit=max",33.74181,-117.8234444
CENTRO STORICO,https://www.OrderCentroStorico.com/,item_image,"https://menufyproduction.imgix.net/637415858793372388+322037.png?auto=compress,format&h=300&w=300&fit=max",33.74181,-117.8234444
CENTRO STORICO,https://www.OrderCentroStorico.com/,item_image,"https://menufyproduction.imgix.net/637415844015183314+322038.png?auto=compress,format&h=300&w=300&fit=max",33.74181,-117.8234444
CENTRO STORICO,https://www.OrderCentroStorico.com/,item_image,"https://menufyproduction.imgix.net/637415859797983176+322063.png?auto=compress,format&h=300&w=300&fit=max",33.74181,-117.8234444
CENTRO STORICO,https://www.OrderCentroStorico.com/,item_image,"https://menufyproduction.imgix.net/637630312207636397+518309.png?auto=compress,format&h=300&w=300&fit=max",33.74181,-117.8234444
CENTRO STORICO,https://www.OrderCentroStorico.com/,item_image,"https://menufyproduction.imgix.net/637415860645405393+322065.png?auto=compress,format&h=300&w=300&fit=max",33.74181,-117.8234444
CENTRO STORICO,https://www.OrderCentroStorico.com/,item_image,"https://menufyproduction.imgix.net/637427887664312786+331607.png?auto=compress,format&h=300&w=300&fit=max",33.74181,-117.8234444
CENTRO STORICO,https://www.OrderCentroStorico.com/,item_image,"https://menufyproduction.imgix.net/637415857147225059+322058.png?auto=compress,format&h=300&w=300&fit=max",33.74181,-117.8234444
CENTRO STORICO,https://www.OrderCentroStorico.com/,item_image,"https://menufyproduction.imgix.net/637415856701318081+322057.png?auto=compress,format&h=300&w=300&fit=max",33.74181,-117.8234444
CENTRO STORICO,https://www.OrderCentroStorico.com/,item_image,"https://menufyproduction.imgix.net/637415856335010200+322056.png?auto=compress,format&h=300&w=300&fit=max",33.74181,-117.8234444
CENTRO STORICO,https://www.OrderCentroStorico.com/,item_image,"https://menufyproduction.imgix.net/637415851433303343+322050.png?auto=compress,format&h=300&w=300&fit=max",33.74181,-117.8234444
CENTRO STORICO,https://www.OrderCentroStorico.com/,item_image,"https://menufyproduction.imgix.net/637415857456023346+322059.png?auto=compress,format&h=300&w=300&fit=max",33.74181,-117.8234444
CENTRO STORICO,https://www.OrderCentroStorico.com/,item_image,"https://menufyproduction.imgix.net/637415855677267514+322054.png?auto=compress,format&h=300&w=300&fit=max",33.74181,-117.8234444
CENTRO STORICO,https://www.OrderCentroStorico.com/,item_image,"https://menufyproduction.imgix.net/637601000274166707+492182.png?auto=compress,format&h=300&w=300&fit=max",33.74181,-117.8234444
CENTRO STORICO,https://www.OrderCentroStorico.com/,item_image,"https://menufyproduction.imgix.net/637415855901794491+322055.png?auto=compress,format&h=300&w=300&fit=max",33.74181,-117.8234444
CENTRO STORICO,https://www.OrderCentroStorico.com/,item_image,"https://menufyproduction.imgix.net/637415846598641446+322044.png?auto=compress,format&h=300&w=300&fit=max",33.74181,-117.8234444
CENTRO STORICO,https://www.OrderCentroStorico.com/,item_image,"https://menufyproduction.imgix.net/637415846993944188+322045.png?auto=compress,format&h=300&w=300&fit=max",33.74181,-117.8234444
CENTRO STORICO,https://www.OrderCentroStorico.com/,item_image,"https://menufyproduction.imgix.net/637415848849935460+322047.png?auto=compress,format&h=300&w=300&fit=max",33.74181,-117.8234444
CENTRO STORICO,https://www.OrderCentroStorico.com/,item_image,"https://menufyproduction.imgix.net/637415847438749547+322046.png?auto=compress,format&h=300&w=300&fit=max",33.74181,-117.8234444
CENTRO STORICO,https://www.OrderCentroStorico.com/,item_image,"https://menufyproduction.imgix.net/637415852992916285+322052.png?auto=compress,format&h=300&w=300&fit=max",33.74181,-117.8234444
CENTRO STORICO,https://www.OrderCentroStorico.com/,item_image,"https://menufyproduction.imgix.net/637601000565250093+492183.png?auto=compress,format&h=300&w=300&fit=max",33.74181,-117.8234444
CENTRO STORICO,https://www.OrderCentroStorico.com/,item_image,"https://menufyproduction.imgix.net/637630317060502749+518310.png?auto=compress,format&h=300&w=300&fit=max",33.74181,-117.8234444
CENTRO STORICO,https://www.OrderCentroStorico.com/,item_image,"https://menufyproduction.imgix.net/637930101036606007+856021.png?auto=compress,format&h=300&w=300&fit=max",33.74181,-117.8234444
CENTRO STORICO,https://www.OrderCentroStorico.com/,item_image,"https://menufyproduction.imgix.net/637440320710743560+346694.png?auto=compress,format&h=300&w=300&fit=max",33.74181,-117.8234444
CENTRO STORICO,https://www.OrderCentroStorico.com/,item_image,"https://menufyproduction.imgix.net/637415867109667841+322072.png?auto=compress,format&h=300&w=300&fit=max",33.74181,-117.8234444
CENTRO STORICO,https://www.OrderCentroStorico.com/,item_image,"https://menufyproduction.imgix.net/637440321876173241+346697.png?auto=compress,format&h=300&w=300&fit=max",33.74181,-117.8234444
CENTRO STORICO,https://www.OrderCentroStorico.com/,item_image,"https://menufyproduction.imgix.net/637415864329759413+322067.png?auto=compress,format&h=300&w=300&fit=max",33.74181,-117.8234444
CENTRO STORICO,https://www.OrderCentroStorico.com/,item_image,"https://menufyproduction.imgix.net/637415867039998977+322071.png?auto=compress,format&h=300&w=300&fit=max",33.74181,-117.8234444
CENTRO STORICO,https://www.OrderCentroStorico.com/,item_image,"https://menufyproduction.imgix.net/637930101640984670+856022.png?auto=compress,format&h=300&w=300&fit=max",33.74181,-117.8234444
CENTRO STORICO,https://www.OrderCentroStorico.com/,item_image,"https://menufyproduction.imgix.net/638043140660532736+990838.png?auto=compress,format&h=300&w=300&fit=max",33.74181,-117.8234444
CENTRO STORICO,https://www.OrderCentroStorico.com/,item_image,"https://menufyproduction.imgix.net/637415868587906434+322073.png?auto=compress,format&h=300&w=300&fit=max",33.74181,-117.8234444
CENTRO STORICO,https://www.OrderCentroStorico.com/,item_image,"https://menufyproduction.imgix.net/637415864847281350+322068.png?auto=compress,format&h=300&w=300&fit=max",33.74181,-117.8234444
CENTRO STORICO,https://www.OrderCentroStorico.com/,item_image,"https://menufyproduction.imgix.net/637415865352228599+322069.png?auto=compress,format&h=300&w=300&fit=max",33.74181,-117.8234444
CENTRO STORICO,https://www.OrderCentroStorico.com/,item_image,"https://menufyproduction.imgix.net/637440321099502771+346695.png?auto=compress,format&h=300&w=300&fit=max",33.74181,-117.8234444
CENTRO STORICO,https://www.OrderCentroStorico.com/,item_image,"https://menufyproduction.imgix.net/637440324707043583+346700.png?auto=compress,format&h=300&w=300&fit=max",33.74181,-117.8234444
CENTRO STORICO,https://www.OrderCentroStorico.com/,item_image,"https://menufyproduction.imgix.net/637440324814600063+346701.png?auto=compress,format&h=300&w=300&fit=max",33.74181,-117.8234444
CENTRO STORICO,https://www.OrderCentroStorico.com/,item_image,"https://menufyproduction.imgix.net/637440325078081316+346702.png?auto=compress,format&h=300&w=300&fit=max",33.74181,-117.8234444
CENTRO STORICO,https://www.OrderCentroStorico.com/,item_image,"https://menufyproduction.imgix.net/637440325309486393+346704.png?auto=compress,format&h=300&w=300&fit=max",33.74181,-117.8234444
CENTRO STORICO,https://www.OrderCentroStorico.com/,item_image,"https://menufyproduction.imgix.net/637440325166900428+346703.png?auto=compress,format&h=300&w=300&fit=max",33.74181,-117.8234444
Ameci Pizza Kitchen,https://www.AmeciPizzaKitchenTustin.com/,logo,"https://menufyproduction.imgix.net/637269712332391251+218486.png?auto=compress,format&h=1080&w=1920&fit=max",33.745212,-117.8175679
Ameci Pizza Kitchen,https://www.AmeciPizzaKitchenTustin.com/,item_image,"https://menufyproduction.imgix.net/638590999380293251+1503931.png?auto=compress,format&h=300&w=300&fit=max",33.745212,-117.8175679
Ameci Pizza Kitchen,https://www.AmeciPizzaKitchenTustin.com/,item_image,"https://menufyproduction.imgix.net/638591001549813519+1503945.png?auto=compress,format&h=300&w=300&fit=max",33.745212,-117.8175679
Ameci Pizza Kitchen,https://www.AmeciPizzaKitchenTustin.com/,item_image,"https://menufyproduction.imgix.net/638590999564183854+1503932.png?auto=compress,format&h=300&w=300&fit=max",33.745212,-117.8175679
Ameci Pizza Kitchen,https://www.AmeciPizzaKitchenTustin.com/,item_image,"https://menufyproduction.imgix.net/638590999678929238+1503933.png?auto=compress,format&h=300&w=300&fit=max",33.745212,-117.8175679
Ameci Pizza Kitchen,https://www.AmeciPizzaKitchenTustin.com/,item_image,"https://menufyproduction.imgix.net/638590999883329567+1503934.png?auto=compress,format&h=300&w=300&fit=max",33.745212,-117.8175679
Ameci Pizza Kitchen,https://www.AmeciPizzaKitchenTustin.com/,item_image,"https://menufyproduction.imgix.net/638591000294860642+1503935.png?auto=compress,format&h=300&w=300&fit=max",33.745212,-117.8175679
Ameci Pizza Kitchen,https://www.AmeciPizzaKitchenTustin.com/,item_image,"https://menufyproduction.imgix.net/638591000390135154+1503936.png?auto=compress,format&h=300&w=300&fit=max",33.745212,-117.8175679
Ameci Pizza Kitchen,https://www.AmeciPizzaKitchenTustin.com/,item_image,"https://menufyproduction.imgix.net/638591001931560171+1503946.png?auto=compress,format&h=300&w=300&fit=max",33.745212,-117.8175679
Ameci Pizza Kitchen,https://www.AmeciPizzaKitchenTustin.com/,item_image,"https://menufyproduction.imgix.net/638591000418285449+1503937.png?auto=compress,format&h=300&w=300&fit=max",33.745212,-117.8175679
Ameci Pizza Kitchen,https://www.AmeciPizzaKitchenTustin.com/,item_image,"https://menufyproduction.imgix.net/638591000464207127+1503938.png?auto=compress,format&h=300&w=300&fit=max",33.745212,-117.8175679
Ameci Pizza Kitchen,https://www.AmeciPizzaKitchenTustin.com/,item_image,"https://menufyproduction.imgix.net/638591000588083400+1503939.png?auto=compress,format&h=300&w=300&fit=max",33.745212,-117.8175679
Ameci Pizza Kitchen,https://www.AmeciPizzaKitchenTustin.com/,item_image,"https://menufyproduction.imgix.net/638591000634614135+1503940.png?auto=compress,format&h=300&w=300&fit=max",33.745212,-117.8175679
Ameci Pizza Kitchen,https://www.AmeciPizzaKitchenTustin.com/,item_image,"https://menufyproduction.imgix.net/638591000734669555+1503941.png?auto=compress,format&h=300&w=300&fit=max",33.745212,-117.8175679
Ameci Pizza Kitchen,https://www.AmeciPizzaKitchenTustin.com/,item_image,"https://menufyproduction.imgix.net/638591000785635442+1503942.png?auto=compress,format&h=300&w=300&fit=max",33.745212,-117.8175679
Ameci Pizza Kitchen,https://www.AmeciPizzaKitchenTustin.com/,item_image,"https://menufyproduction.imgix.net/638591061744542516+1504028.png?auto=compress,format&h=300&w=300&fit=max",33.745212,-117.8175679
Ameci Pizza Kitchen,https://www.AmeciPizzaKitchenTustin.com/,item_image,"https://menufyproduction.imgix.net/638591000942564537+1503943.png?auto=compress,format&h=300&w=300&fit=max",33.745212,-117.8175679
Ameci Pizza Kitchen,https://www.AmeciPizzaKitchenTustin.com/,item_image,"https://menufyproduction.imgix.net/638591000997967393+1503944.png?auto=compress,format&h=300&w=300&fit=max",33.745212,-117.8175679
Ameci Pizza Kitchen,https://www.AmeciPizzaKitchenTustin.com/,item_image,"https://menufyproduction.imgix.net/639031295706880698+1927344.png?auto=compress,format&h=300&w=300&fit=max",33.745212,-117.8175679
Ameci Pizza Kitchen,https://www.AmeciPizzaKitchenTustin.com/,item_image,"https://menufyproduction.imgix.net/638299155768953231+1219123.png?auto=compress,format&h=300&w=300&fit=max",33.745212,-117.8175679
Ameci Pizza Kitchen,https://www.AmeciPizzaKitchenTustin.com/,item_image,"https://menufyproduction.imgix.net/638590156708368648+1503019.png?auto=compress,format&h=300&w=300&fit=max",33.745212,-117.8175679
Ameci Pizza Kitchen,https://www.AmeciPizzaKitchenTustin.com/,item_image,"https://menufyproduction.imgix.net/638590156884380352+1503020.png?auto=compress,format&h=300&w=300&fit=max",33.745212,-117.8175679
Ameci Pizza Kitchen,https://www.AmeciPizzaKitchenTustin.com/,item_image,"https://menufyproduction.imgix.net/638590128607204220+1502871.png?auto=compress,format&h=300&w=300&fit=max",33.745212,-117.8175679
Ameci Pizza Kitchen,https://www.AmeciPizzaKitchenTustin.com/,item_image,"https://menufyproduction.imgix.net/638590231819811785+1503062.png?auto=compress,format&h=300&w=300&fit=max",33.745212,-117.8175679
Ameci Pizza Kitchen,https://www.AmeciPizzaKitchenTustin.com/,item_image,"https://menufyproduction.imgix.net/638590229226735944+1503060.png?auto=compress,format&h=300&w=300&fit=max",33.745212,-117.8175679
Ameci Pizza Kitchen,https://www.AmeciPizzaKitchenTustin.com/,item_image,"https://menufyproduction.imgix.net/638590128727657742+1502872.png?auto=compress,format&h=300&w=300&fit=max",33.745212,-117.8175679
Ameci Pizza Kitchen,https://www.AmeciPizzaKitchenTustin.com/,item_image,"https://menufyproduction.imgix.net/638590128820730808+1502873.png?auto=compress,format&h=300&w=300&fit=max",33.745212,-117.8175679
Ameci Pizza Kitchen,https://www.AmeciPizzaKitchenTustin.com/,item_image,"https://menufyproduction.imgix.net/638591002548802423+1503947.png?auto=compress,format&h=300&w=300&fit=max",33.745212,-117.8175679
Ameci Pizza Kitchen,https://www.AmeciPizzaKitchenTustin.com/,item_image,"https://menufyproduction.imgix.net/638590128866682195+1502874.png?auto=compress,format&h=300&w=300&fit=max",33.745212,-117.8175679
Ameci Pizza Kitchen,https://www.AmeciPizzaKitchenTustin.com/,item_image,"https://menufyproduction.imgix.net/638590129297075471+1502875.png?auto=compress,format&h=300&w=300&fit=max",33.745212,-117.8175679
Ameci Pizza Kitchen,https://www.AmeciPizzaKitchenTustin.com/,item_image,"https://menufyproduction.imgix.net/638590998937120077+1503930.png?auto=compress,format&h=300&w=300&fit=max",33.745212,-117.8175679
Ameci Pizza Kitchen,https://www.AmeciPizzaKitchenTustin.com/,item_image,"https://menufyproduction.imgix.net/638590129557176419+1502876.png?auto=compress,format&h=300&w=300&fit=max",33.745212,-117.8175679
Ameci Pizza Kitchen,https://www.AmeciPizzaKitchenTustin.com/,item_image,"https://menufyproduction.imgix.net/638590129779627645+1502877.png?auto=compress,format&h=300&w=300&fit=max",33.745212,-117.8175679
Ameci Pizza Kitchen,https://www.AmeciPizzaKitchenTustin.com/,item_image,"https://menufyproduction.imgix.net/638590129865691059+1502878.png?auto=compress,format&h=300&w=300&fit=max",33.745212,-117.8175679
Ameci Pizza Kitchen,https://www.AmeciPizzaKitchenTustin.com/,item_image,"https://menufyproduction.imgix.net/638591003297830406+1503948.png?auto=compress,format&h=300&w=300&fit=max",33.745212,-117.8175679
Ameci Pizza Kitchen,https://www.AmeciPizzaKitchenTustin.com/,item_image,"https://menufyproduction.imgix.net/638590130430059688+1502952.png?auto=compress,format&h=300&w=300&fit=max",33.745212,-117.8175679
Ameci Pizza Kitchen,https://www.AmeciPizzaKitchenTustin.com/,item_image,"https://menufyproduction.imgix.net/638591003391214005+1503949.png?auto=compress,format&h=300&w=300&fit=max",33.745212,-117.8175679
Ameci Pizza Kitchen,https://www.AmeciPizzaKitchenTustin.com/,item_image,"https://menufyproduction.imgix.net/638590233892685913+1503063.png?auto=compress,format&h=300&w=300&fit=max",33.745212,-117.8175679
Ameci Pizza Kitchen,https://www.AmeciPizzaKitchenTustin.com/,item_image,"https://menufyproduction.imgix.net/638590130645179204+1502953.png?auto=compress,format&h=300&w=300&fit=max",33.745212,-117.8175679
Ameci Pizza Kitchen,https://www.AmeciPizzaKitchenTustin.com/,item_image,"https://menufyproduction.imgix.net/638590220496842600+1503058.png?auto=compress,format&h=300&w=300&fit=max",33.745212,-117.8175679
Ameci Pizza Kitchen,https://www.AmeciPizzaKitchenTustin.com/,item_image,"https://menufyproduction.imgix.net/638590131433263768+1502958.png?auto=compress,format&h=300&w=300&fit=max",33.745212,-117.8175679
Ameci Pizza Kitchen,https://www.AmeciPizzaKitchenTustin.com/,item_image,"https://menufyproduction.imgix.net/638590131571869915+1502959.png?auto=compress,format&h=300&w=300&fit=max",33.745212,-117.8175679
Ameci Pizza Kitchen,https://www.AmeciPizzaKitchenTustin.com/,item_image,"https://menufyproduction.imgix.net/638590131989445323+1502963.png?auto=compress,format&h=300&w=300&fit=max",33.745212,-117.8175679
Ameci Pizza Kitchen,https://www.AmeciPizzaKitchenTustin.com/,item_image,"https://menufyproduction.imgix.net/638590132072908173+1502964.png?auto=compress,format&h=300&w=300&fit=max",33.745212,-117.8175679
Ameci Pizza Kitchen,https://www.AmeciPizzaKitchenTustin.com/,item_image,"https://menufyproduction.imgix.net/639031309790175060+1927346.png?auto=compress,format&h=300&w=300&fit=max",33.745212,-117.8175679
Ameci Pizza Kitchen,https://www.AmeciPizzaKitchenTustin.com/,item_image,"https://menufyproduction.imgix.net/638590132232582402+1502965.png?auto=compress,format&h=300&w=300&fit=max",33.745212,-117.8175679
Ameci Pizza Kitchen,https://www.AmeciPizzaKitchenTustin.com/,item_image,"https://menufyproduction.imgix.net/638590234070040262+1503064.png?auto=compress,format&h=300&w=300&fit=max",33.745212,-117.8175679
Ameci Pizza Kitchen,https://www.AmeciPizzaKitchenTustin.com/,item_image,"https://menufyproduction.imgix.net/638591060640733918+1504026.png?auto=compress,format&h=300&w=300&fit=max",33.745212,-117.8175679
Ameci Pizza Kitchen,https://www.AmeciPizzaKitchenTustin.com/,item_image,"https://menufyproduction.imgix.net/638590132340355444+1502966.png?auto=compress,format&h=300&w=300&fit=max",33.745212,-117.8175679
Ameci Pizza Kitchen,https://www.AmeciPizzaKitchenTustin.com/,item_image,"https://menufyproduction.imgix.net/638590132601311876+1502968.png?auto=compress,format&h=300&w=300&fit=max",33.745212,-117.8175679
Ameci Pizza Kitchen,https://www.AmeciPizzaKitchenTustin.com/,item_image,"https://menufyproduction.imgix.net/638590132655555577+1502969.png?auto=compress,format&h=300&w=300&fit=max",33.745212,-117.8175679
Ameci Pizza Kitchen,https://www.AmeciPizzaKitchenTustin.com/,item_image,"https://menufyproduction.imgix.net/638590132729176985+1502970.png?auto=compress,format&h=300&w=300&fit=max",33.745212,-117.8175679
Ameci Pizza Kitchen,https://www.AmeciPizzaKitchenTustin.com/,item_image,"https://menufyproduction.imgix.net/638590157305057066+1503021.png?auto=compress,format&h=300&w=300&fit=max",33.745212,-117.8175679
Ameci Pizza Kitchen,https://www.AmeciPizzaKitchenTustin.com/,item_image,"https://menufyproduction.imgix.net/638590132934502938+1502972.png?auto=compress,format&h=300&w=300&fit=max",33.745212,-117.8175679
Ameci Pizza Kitchen,https://www.AmeciPizzaKitchenTustin.com/,item_image,"https://menufyproduction.imgix.net/638598045386780256+1510343.png?auto=compress,format&h=300&w=300&fit=max",33.745212,-117.8175679
Ameci Pizza Kitchen,https://www.AmeciPizzaKitchenTustin.com/,item_image,"https://menufyproduction.imgix.net/638590235629596200+1503065.png?auto=compress,format&h=300&w=300&fit=max",33.745212,-117.8175679
Ameci Pizza Kitchen,https://www.AmeciPizzaKitchenTustin.com/,item_image,"https://menufyproduction.imgix.net/638590133247098196+1502975.png?auto=compress,format&h=300&w=300&fit=max",33.745212,-117.8175679
Ameci Pizza Kitchen,https://www.AmeciPizzaKitchenTustin.com/,item_image,"https://menufyproduction.imgix.net/638590133167364573+1502974.png?auto=compress,format&h=300&w=300&fit=max",33.745212,-117.8175679
Ameci Pizza Kitchen,https://www.AmeciPizzaKitchenTustin.com/,item_image,"https://menufyproduction.imgix.net/638590133384474537+1502976.png?auto=compress,format&h=300&w=300&fit=max",33.745212,-117.8175679
Ameci Pizza Kitchen,https://www.AmeciPizzaKitchenTustin.com/,item_image,"https://menufyproduction.imgix.net/638590133512077505+1502977.png?auto=compress,format&h=300&w=300&fit=max",33.745212,-117.8175679
Ameci Pizza Kitchen,https://www.AmeciPizzaKitchenTustin.com/,item_image,"https://menufyproduction.imgix.net/638590235871544854+1503066.png?auto=compress,format&h=300&w=300&fit=max",33.745212,-117.8175679
Ameci Pizza Kitchen,https://www.AmeciPizzaKitchenTustin.com/,item_image,"https://menufyproduction.imgix.net/638590133536527423+1502978.png?auto=compress,format&h=300&w=300&fit=max",33.745212,-117.8175679
Ameci Pizza Kitchen,https://www.AmeciPizzaKitchenTustin.com/,item_image,"https://menufyproduction.imgix.net/638590133576698296+1502979.png?auto=compress,format&h=300&w=300&fit=max",33.745212,-117.8175679
Ameci Pizza Kitchen,https://www.AmeciPizzaKitchenTustin.com/,item_image,"https://menufyproduction.imgix.net/638590133605009409+1502980.png?auto=compress,format&h=300&w=300&fit=max",33.745212,-117.8175679
Ameci Pizza Kitchen,https://www.AmeciPizzaKitchenTustin.com/,item_image,"https://menufyproduction.imgix.net/638590133644709669+1502981.png?auto=compress,format&h=300&w=300&fit=max",33.745212,-117.8175679
Ameci Pizza Kitchen,https://www.AmeciPizzaKitchenTustin.com/,item_image,"https://menufyproduction.imgix.net/638590133679841827+1502982.png?auto=compress,format&h=300&w=300&fit=max",33.745212,-117.8175679
Ameci Pizza Kitchen,https://www.AmeciPizzaKitchenTustin.com/,item_image,"https://menufyproduction.imgix.net/638590133709453479+1502983.png?auto=compress,format&h=300&w=300&fit=max",33.745212,-117.8175679
Ameci Pizza Kitchen,https://www.AmeciPizzaKitchenTustin.com/,item_image,"https://menufyproduction.imgix.net/638590133835749200+1502984.png?auto=compress,format&h=300&w=300&fit=max",33.745212,-117.8175679
Ameci Pizza Kitchen,https://www.AmeciPizzaKitchenTustin.com/,item_image,"https://menufyproduction.imgix.net/638590133947057165+1502985.png?auto=compress,format&h=300&w=300&fit=max",33.745212,-117.8175679
Ameci Pizza Kitchen,https://www.AmeciPizzaKitchenTustin.com/,item_image,"https://menufyproduction.imgix.net/638590133988049864+1502986.png?auto=compress,format&h=300&w=300&fit=max",33.745212,-117.8175679
Ameci Pizza Kitchen,https://www.AmeciPizzaKitchenTustin.com/,item_image,"https://menufyproduction.imgix.net/638590134081975902+1502987.png?auto=compress,format&h=300&w=300&fit=max",33.745212,-117.8175679
Ameci Pizza Kitchen,https://www.AmeciPizzaKitchenTustin.com/,item_image,"https://menufyproduction.imgix.net/638590242520696477+1503073.png?auto=compress,format&h=300&w=300&fit=max",33.745212,-117.8175679
Ameci Pizza Kitchen,https://www.AmeciPizzaKitchenTustin.com/,item_image,"https://menufyproduction.imgix.net/638590134134300158+1502988.png?auto=compress,format&h=300&w=300&fit=max",33.745212,-117.8175679
Ameci Pizza Kitchen,https://www.AmeciPizzaKitchenTustin.com/,item_image,"https://menufyproduction.imgix.net/638598070631591049+1510356.png?auto=compress,format&h=300&w=300&fit=max",33.745212,-117.8175679
Ameci Pizza Kitchen,https://www.AmeciPizzaKitchenTustin.com/,item_image,"https://menufyproduction.imgix.net/638590247627918940+1503074.png?auto=compress,format&h=300&w=300&fit=max",33.745212,-117.8175679
Ameci Pizza Kitchen,https://www.AmeciPizzaKitchenTustin.com/,item_image,"https://menufyproduction.imgix.net/638590134217956732+1502989.png?auto=compress,format&h=300&w=300&fit=max",33.745212,-117.8175679
Ameci Pizza Kitchen,https://www.AmeciPizzaKitchenTustin.com/,item_image,"https://menufyproduction.imgix.net/638592731599524954+1506159.png?auto=compress,format&h=300&w=300&fit=max",33.745212,-117.8175679
Ameci Pizza Kitchen,https://www.AmeciPizzaKitchenTustin.com/,item_image,"https://menufyproduction.imgix.net/638590248649067513+1503075.png?auto=compress,format&h=300&w=300&fit=max",33.745212,-117.8175679
Ameci Pizza Kitchen,https://www.AmeciPizzaKitchenTustin.com/,item_image,"https://menufyproduction.imgix.net/638590134336066128+1502990.png?auto=compress,format&h=300&w=300&fit=max",33.745212,-117.8175679
Ameci Pizza Kitchen,https://www.AmeciPizzaKitchenTustin.com/,item_image,"https://menufyproduction.imgix.net/638590241687123312+1503072.png?auto=compress,format&h=300&w=300&fit=max",33.745212,-117.8175679
Ameci Pizza Kitchen,https://www.AmeciPizzaKitchenTustin.com/,item_image,"https://menufyproduction.imgix.net/638590241622300426+1503071.png?auto=compress,format&h=300&w=300&fit=max",33.745212,-117.8175679
Ameci Pizza Kitchen,https://www.AmeciPizzaKitchenTustin.com/,item_image,"https://menufyproduction.imgix.net/638590241553166932+1503070.png?auto=compress,format&h=300&w=300&fit=max",33.745212,-117.8175679
Ameci Pizza Kitchen,https://www.AmeciPizzaKitchenTustin.com/,item_image,"https://menufyproduction.imgix.net/638590134525764002+1502991.png?auto=compress,format&h=300&w=300&fit=max",33.745212,-117.8175679
Ameci Pizza Kitchen,https://www.AmeciPizzaKitchenTustin.com/,item_image,"https://menufyproduction.imgix.net/638590134617898453+1502992.png?auto=compress,format&h=300&w=300&fit=max",33.745212,-117.8175679
Ameci Pizza Kitchen,https://www.AmeciPizzaKitchenTustin.com/,item_image,"https://menufyproduction.imgix.net/638590134721225249+1502993.png?auto=compress,format&h=300&w=300&fit=max",33.745212,-117.8175679
Ameci Pizza Kitchen,https://www.AmeciPizzaKitchenTustin.com/,item_image,"https://menufyproduction.imgix.net/638590135082581206+1502994.png?auto=compress,format&h=300&w=300&fit=max",33.745212,-117.8175679
Ameci Pizza Kitchen,https://www.AmeciPizzaKitchenTustin.com/,item_image,"https://menufyproduction.imgix.net/638590241185425969+1503069.png?auto=compress,format&h=300&w=300&fit=max",33.745212,-117.8175679
Ameci Pizza Kitchen,https://www.AmeciPizzaKitchenTustin.com/,item_image,"https://menufyproduction.imgix.net/638590240872243361+1503067.png?auto=compress,format&h=300&w=300&fit=max",33.745212,-117.8175679
Ameci Pizza Kitchen,https://www.AmeciPizzaKitchenTustin.com/,item_image,"https://menufyproduction.imgix.net/638590240917296410+1503068.png?auto=compress,format&h=300&w=300&fit=max",33.745212,-117.8175679
NIKIS Halal Grill & KARAHI,https://www.NikisHalalGrillandKarahi.com/order/,logo,"https://menufyproduction.imgix.net/638354839600720092+1269971.png?auto=compress,format&h=1080&w=1920&fit=max",33.7464357,-117.8377217
KPB Asian Bistro,https://www.KPBAsianBistroTustinCA.com/,logo,"https://menufyproduction.imgix.net/637623165891486750+511650.png?auto=compress,format&h=1080&w=1920&fit=max",33.7463325,-117.8242281
KPB Asian Bistro,https://www.KPBAsianBistroTustinCA.com/,item_image,"https://menufyproduction.imgix.net/637690632856180276+573686.png?auto=compress,format&h=300&w=300&fit=max",33.7463325,-117.8242281
KPB Asian Bistro,https://www.KPBAsianBistroTustinCA.com/,item_image,"https://menufyproduction.imgix.net/637690632915972372+573687.png?auto=compress,format&h=300&w=300&fit=max",33.7463325,-117.8242281
KPB Asian Bistro,https://www.KPBAsianBistroTustinCA.com/,item_image,"https://menufyproduction.imgix.net/637690632780301344+573685.png?auto=compress,format&h=300&w=300&fit=max",33.7463325,-117.8242281
KPB Asian Bistro,https://www.KPBAsianBistroTustinCA.com/,item_image,"https://menufyproduction.imgix.net/637690633095250455+573690.png?auto=compress,format&h=300&w=300&fit=max",33.7463325,-117.8242281
KPB Asian Bistro,https://www.KPBAsianBistroTustinCA.com/,item_image,"https://menufyproduction.imgix.net/637690631606721267+573674.png?auto=compress,format&h=300&w=300&fit=max",33.7463325,-117.8242281
KPB Asian Bistro,https://www.KPBAsianBistroTustinCA.com/,item_image,"https://menufyproduction.imgix.net/637690631098350320+573672.png?auto=compress,format&h=300&w=300&fit=max",33.7463325,-117.8242281
KPB Asian Bistro,https://www.KPBAsianBistroTustinCA.com/,item_image,"https://menufyproduction.imgix.net/637690633057348860+573689.png?auto=compress,format&h=300&w=300&fit=max",33.7463325,-117.8242281
KPB Asian Bistro,https://www.KPBAsianBistroTustinCA.com/,item_image,"https://menufyproduction.imgix.net/637690632995025474+573688.png?auto=compress,format&h=300&w=300&fit=max",33.7463325,-117.8242281
KPB Asian Bistro,https://www.KPBAsianBistroTustinCA.com/,item_image,"https://menufyproduction.imgix.net/637690633201630178+573692.png?auto=compress,format&h=300&w=300&fit=max",33.7463325,-117.8242281
KPB Asian Bistro,https://www.KPBAsianBistroTustinCA.com/,item_image,"https://menufyproduction.imgix.net/637690633155657784+573691.png?auto=compress,format&h=300&w=300&fit=max",33.7463325,-117.8242281
KPB Asian Bistro,https://www.KPBAsianBistroTustinCA.com/,item_image,"https://menufyproduction.imgix.net/637690633932970809+573695.png?auto=compress,format&h=300&w=300&fit=max",33.7463325,-117.8242281
KPB Asian Bistro,https://www.KPBAsianBistroTustinCA.com/,item_image,"https://menufyproduction.imgix.net/637690633607411655+573693.png?auto=compress,format&h=300&w=300&fit=max",33.7463325,-117.8242281
KPB Asian Bistro,https://www.KPBAsianBistroTustinCA.com/,item_image,"https://menufyproduction.imgix.net/637690633652268809+573694.png?auto=compress,format&h=300&w=300&fit=max",33.7463325,-117.8242281
KPB Asian Bistro,https://www.KPBAsianBistroTustinCA.com/,item_image,"https://menufyproduction.imgix.net/637690634169684031+573698.png?auto=compress,format&h=300&w=300&fit=max",33.7463325,-117.8242281
KPB Asian Bistro,https://www.KPBAsianBistroTustinCA.com/,item_image,"https://menufyproduction.imgix.net/637690638719945563+573727.png?auto=compress,format&h=300&w=300&fit=max",33.7463325,-117.8242281
KPB Asian Bistro,https://www.KPBAsianBistroTustinCA.com/,item_image,"https://menufyproduction.imgix.net/637690638663443963+573726.png?auto=compress,format&h=300&w=300&fit=max",33.7463325,-117.8242281
KPB Asian Bistro,https://www.KPBAsianBistroTustinCA.com/,item_image,"https://menufyproduction.imgix.net/637690638755892917+573728.png?auto=compress,format&h=300&w=300&fit=max",33.7463325,-117.8242281
KPB Asian Bistro,https://www.KPBAsianBistroTustinCA.com/,item_image,"https://menufyproduction.imgix.net/637690639345197383+573732.png?auto=compress,format&h=300&w=300&fit=max",33.7463325,-117.8242281
KPB Asian Bistro,https://www.KPBAsianBistroTustinCA.com/,item_image,"https://menufyproduction.imgix.net/637690639470840379+573734.png?auto=compress,format&h=300&w=300&fit=max",33.7463325,-117.8242281
KPB Asian Bistro,https://www.KPBAsianBistroTustinCA.com/,item_image,"https://menufyproduction.imgix.net/637690641222851056+573749.png?auto=compress,format&h=300&w=300&fit=max",33.7463325,-117.8242281
KPB Asian Bistro,https://www.KPBAsianBistroTustinCA.com/,item_image,"https://menufyproduction.imgix.net/637690639431988447+573733.png?auto=compress,format&h=300&w=300&fit=max",33.7463325,-117.8242281
KPB Asian Bistro,https://www.KPBAsianBistroTustinCA.com/,item_image,"https://menufyproduction.imgix.net/637690640645294432+573742.png?auto=compress,format&h=300&w=300&fit=max",33.7463325,-117.8242281
KPB Asian Bistro,https://www.KPBAsianBistroTustinCA.com/,item_image,"https://menufyproduction.imgix.net/637690636787295845+573715.png?auto=compress,format&h=300&w=300&fit=max",33.7463325,-117.8242281
KPB Asian Bistro,https://www.KPBAsianBistroTustinCA.com/,item_image,"https://menufyproduction.imgix.net/637690635732502294+573706.png?auto=compress,format&h=300&w=300&fit=max",33.7463325,-117.8242281
KPB Asian Bistro,https://www.KPBAsianBistroTustinCA.com/,item_image,"https://menufyproduction.imgix.net/637690630453422026+573670.png?auto=compress,format&h=300&w=300&fit=max",33.7463325,-117.8242281
KPB Asian Bistro,https://www.KPBAsianBistroTustinCA.com/,item_image,"https://menufyproduction.imgix.net/637690637698580554+573721.png?auto=compress,format&h=300&w=300&fit=max",33.7463325,-117.8242281
KPB Asian Bistro,https://www.KPBAsianBistroTustinCA.com/,item_image,"https://menufyproduction.imgix.net/637690637578649640+573720.png?auto=compress,format&h=300&w=300&fit=max",33.7463325,-117.8242281
KPB Asian Bistro,https://www.KPBAsianBistroTustinCA.com/,item_image,"https://menufyproduction.imgix.net/637690636722124454+573714.png?auto=compress,format&h=300&w=300&fit=max",33.7463325,-117.8242281
KPB Asian Bistro,https://www.KPBAsianBistroTustinCA.com/,item_image,"https://menufyproduction.imgix.net/637690636635456959+573713.png?auto=compress,format&h=300&w=300&fit=max",33.7463325,-117.8242281
KPB Asian Bistro,https://www.KPBAsianBistroTustinCA.com/,item_image,"https://menufyproduction.imgix.net/637690635654698428+573705.png?auto=compress,format&h=300&w=300&fit=max",33.7463325,-117.8242281
KPB Asian Bistro,https://www.KPBAsianBistroTustinCA.com/,item_image,"https://menufyproduction.imgix.net/637690637516849910+573719.png?auto=compress,format&h=300&w=300&fit=max",33.7463325,-117.8242281
KPB Asian Bistro,https://www.KPBAsianBistroTustinCA.com/,item_image,"https://menufyproduction.imgix.net/637690636827243105+573716.png?auto=compress,format&h=300&w=300&fit=max",33.7463325,-117.8242281
KPB Asian Bistro,https://www.KPBAsianBistroTustinCA.com/,item_image,"https://menufyproduction.imgix.net/637690637731239029+573722.png?auto=compress,format&h=300&w=300&fit=max",33.7463325,-117.8242281
KPB Asian Bistro,https://www.KPBAsianBistroTustinCA.com/,item_image,"https://menufyproduction.imgix.net/637690637457344967+573718.png?auto=compress,format&h=300&w=300&fit=max",33.7463325,-117.8242281
KPB Asian Bistro,https://www.KPBAsianBistroTustinCA.com/,item_image,"https://menufyproduction.imgix.net/637690637384469557+573717.png?auto=compress,format&h=300&w=300&fit=max",33.7463325,-117.8242281
KPB Asian Bistro,https://www.KPBAsianBistroTustinCA.com/,item_image,"https://menufyproduction.imgix.net/637690622629983183+573657.png?auto=compress,format&h=300&w=300&fit=max",33.7463325,-117.8242281
KPB Asian Bistro,https://www.KPBAsianBistroTustinCA.com/,item_image,"https://menufyproduction.imgix.net/637690622691340491+573658.png?auto=compress,format&h=300&w=300&fit=max",33.7463325,-117.8242281
KPB Asian Bistro,https://www.KPBAsianBistroTustinCA.com/,item_image,"https://menufyproduction.imgix.net/637690622745652432+573659.png?auto=compress,format&h=300&w=300&fit=max",33.7463325,-117.8242281
KPB Asian Bistro,https://www.KPBAsianBistroTustinCA.com/,item_image,"https://menufyproduction.imgix.net/637690622796778279+573660.png?auto=compress,format&h=300&w=300&fit=max",33.7463325,-117.8242281
KPB Asian Bistro,https://www.KPBAsianBistroTustinCA.com/,item_image,"https://menufyproduction.imgix.net/637690621669252456+573652.png?auto=compress,format&h=300&w=300&fit=max",33.7463325,-117.8242281
KPB Asian Bistro,https://www.KPBAsianBistroTustinCA.com/,item_image,"https://menufyproduction.imgix.net/637690618943318243+573614.png?auto=compress,format&h=300&w=300&fit=max",33.7463325,-117.8242281
KPB Asian Bistro,https://www.KPBAsianBistroTustinCA.com/,item_image,"https://menufyproduction.imgix.net/637690619146549836+573616.png?auto=compress,format&h=300&w=300&fit=max",33.7463325,-117.8242281
KPB Asian Bistro,https://www.KPBAsianBistroTustinCA.com/,item_image,"https://menufyproduction.imgix.net/637690621121614676+573645.png?auto=compress,format&h=300&w=300&fit=max",33.7463325,-117.8242281
KPB Asian Bistro,https://www.KPBAsianBistroTustinCA.com/,item_image,"https://menufyproduction.imgix.net/637690619770339319+573620.png?auto=compress,format&h=300&w=300&fit=max",33.7463325,-117.8242281
KPB Asian Bistro,https://www.KPBAsianBistroTustinCA.com/,item_image,"https://menufyproduction.imgix.net/637690618986069875+573615.png?auto=compress,format&h=300&w=300&fit=max",33.7463325,-117.8242281
KPB Asian Bistro,https://www.KPBAsianBistroTustinCA.com/,item_image,"https://menufyproduction.imgix.net/637690621327671834+573649.png?auto=compress,format&h=300&w=300&fit=max",33.7463325,-117.8242281
KPB Asian Bistro,https://www.KPBAsianBistroTustinCA.com/,item_image,"https://menufyproduction.imgix.net/637690621069790074+573644.png?auto=compress,format&h=300&w=300&fit=max",33.7463325,-117.8242281
KPB Asian Bistro,https://www.KPBAsianBistroTustinCA.com/,item_image,"https://menufyproduction.imgix.net/637690619825514150+573634.png?auto=compress,format&h=300&w=300&fit=max",33.7463325,-117.8242281
KPB Asian Bistro,https://www.KPBAsianBistroTustinCA.com/,item_image,"https://menufyproduction.imgix.net/637690620052289084+573635.png?auto=compress,format&h=300&w=300&fit=max",33.7463325,-117.8242281
